"",".metric",".estimator","mean","n","std_err",".config","model","penalty","mixture","mtry","trees","min_n"
"1","accuracy","binary",0.716005094736775,5,0.000838288512080534,"Preprocessor1_Model1","Logistic Regression",NA,NA,NA,NA,NA
"2","f_meas","binary",0.833899443912689,5,0.000329673433123834,"Preprocessor1_Model1","Logistic Regression",NA,NA,NA,NA,NA
"3","kap","binary",0.0127773736012929,5,0.0054710380754484,"Preprocessor1_Model1","Logistic Regression",NA,NA,NA,NA,NA
"4","roc_auc","binary",0.571467398638984,5,0.00707190257920563,"Preprocessor1_Model1","Logistic Regression",NA,NA,NA,NA,NA
"5","sens","binary",0.998127559762812,5,0.000723298986781253,"Preprocessor1_Model1","Logistic Regression",NA,NA,NA,NA,NA
"6","spec","binary",0.0109184636939571,5,0.00459579425519657,"Preprocessor1_Model1","Logistic Regression",NA,NA,NA,NA,NA
"7","accuracy","binary",0.703523004671047,5,0.00387163698432721,"Preprocessor1_Model1","Random Forest",NA,NA,NA,NA,NA
"8","f_meas","binary",0.81960862394666,5,0.00235680052139201,"Preprocessor1_Model1","Random Forest",NA,NA,NA,NA,NA
"9","kap","binary",0.0617096300456259,5,0.0146852990009122,"Preprocessor1_Model1","Random Forest",NA,NA,NA,NA,NA
"10","roc_auc","binary",0.610520164168486,5,0.0101123768166835,"Preprocessor1_Model1","Random Forest",NA,NA,NA,NA,NA
"11","sens","binary",0.943039698168723,5,0.00435783778719257,"Preprocessor1_Model1","Random Forest",NA,NA,NA,NA,NA
"12","spec","binary",0.104928118908382,5,0.0122817426638329,"Preprocessor1_Model1","Random Forest",NA,NA,NA,NA,NA
"13","accuracy","binary",0.697173086050833,5,0.00682731817051518,"Preprocessor1_Model1","QDA",NA,NA,NA,NA,NA
"14","f_meas","binary",0.813714237883648,5,0.00510893556199906,"Preprocessor1_Model1","QDA",NA,NA,NA,NA,NA
"15","kap","binary",0.0637399653206241,5,0.0137178197474209,"Preprocessor1_Model1","QDA",NA,NA,NA,NA,NA
"16","roc_auc","binary",0.586210765749571,5,0.00267049009485867,"Preprocessor1_Model1","QDA",NA,NA,NA,NA,NA
"17","sens","binary",0.926656729032627,5,0.0108197074387456,"Preprocessor1_Model1","QDA",NA,NA,NA,NA,NA
"18","spec","binary",0.123642330653021,5,0.0102032750441919,"Preprocessor1_Model1","QDA",NA,NA,NA,NA,NA
"19","accuracy","binary",0.646124117751761,5,0.00732174117760339,"Preprocessor1_Model1","Knn",NA,NA,NA,NA,NA
"20","f_meas","binary",0.764878139810563,5,0.00470892281275416,"Preprocessor1_Model1","Knn",NA,NA,NA,NA,NA
"21","kap","binary",0.0571034888484942,5,0.0215982299539436,"Preprocessor1_Model1","Knn",NA,NA,NA,NA,NA
"22","roc_auc","binary",0.563724347235374,5,0.013806301879954,"Preprocessor1_Model1","Knn",NA,NA,NA,NA,NA
"23","sens","binary",0.805865274423623,5,0.00521959491045564,"Preprocessor1_Model1","Knn",NA,NA,NA,NA,NA
"24","spec","binary",0.24690621954191,5,0.0178600140024156,"Preprocessor1_Model1","Knn",NA,NA,NA,NA,NA
"25","accuracy","binary",0.716005219020783,5,0.000789307245039711,"Preprocessor1_Model1","LDA",NA,NA,NA,NA,NA
"26","f_meas","binary",0.833855856470229,5,0.000329083362032425,"Preprocessor1_Model1","LDA",NA,NA,NA,NA,NA
"27","kap","binary",0.0134372303385515,5,0.00516845144746564,"Preprocessor1_Model1","LDA",NA,NA,NA,NA,NA
"28","roc_auc","binary",0.570016627722364,5,0.00666148165613197,"Preprocessor1_Model1","LDA",NA,NA,NA,NA,NA
"29","sens","binary",0.997815547282313,5,0.000868513052990346,"Preprocessor1_Model1","LDA",NA,NA,NA,NA,NA
"30","spec","binary",0.0116989522417154,5,0.00444446151864229,"Preprocessor1_Model1","LDA",NA,NA,NA,NA,NA
"31","accuracy","binary",0.691378530449302,5,0.00721286773072061,"Preprocessor1_Model1","Naive bayes",NA,NA,NA,NA,NA
"32","f_meas","binary",0.808920574762034,5,0.00558300897589635,"Preprocessor1_Model1","Naive bayes",NA,NA,NA,NA,NA
"33","kap","binary",0.058791070235632,5,0.0116236085892431,"Preprocessor1_Model1","Naive bayes",NA,NA,NA,NA,NA
"34","roc_auc","binary",0.570545313673532,5,0.00625226335957073,"Preprocessor1_Model1","Naive bayes",NA,NA,NA,NA,NA
"35","sens","binary",0.915424523304117,5,0.0117509017611417,"Preprocessor1_Model1","Naive bayes",NA,NA,NA,NA,NA
"36","spec","binary",0.13143655579922,5,0.00728906413638658,"Preprocessor1_Model1","Naive bayes",NA,NA,NA,NA,NA
"37","accuracy","binary",0.711326112733849,5,0.00306091961385041,"Preprocessor1_Model1","SVM",NA,NA,NA,NA,NA
"38","f_meas","binary",0.830041261901414,5,0.00205211965747518,"Preprocessor1_Model1","SVM",NA,NA,NA,NA,NA
"39","kap","binary",0.0129939371845103,5,0.00804402635268964,"Preprocessor1_Model1","SVM",NA,NA,NA,NA,NA
"40","roc_auc","binary",0.570189187254113,5,0.0107927427959471,"Preprocessor1_Model1","SVM",NA,NA,NA,NA,NA
"41","sens","binary",0.987049289934127,5,0.00414591892929503,"Preprocessor1_Model1","SVM",NA,NA,NA,NA,NA
"42","spec","binary",0.0222351669103314,5,0.00484539297244986,"Preprocessor1_Model1","SVM",NA,NA,NA,NA,NA
"43","accuracy","binary",0.715782253511148,5,0.000698055919451217,"Preprocessor1_Model01","Logistic regression(Tuned)",1e-05,0,NA,NA,NA
"44","f_meas","binary",0.833811863881751,5,0.000294506894107327,"Preprocessor1_Model01","Logistic regression(Tuned)",1e-05,0,NA,NA,NA
"45","kap","binary",0.0113620794976243,5,0.00459502256549998,"Preprocessor1_Model01","Logistic regression(Tuned)",1e-05,0,NA,NA,NA
"46","roc_auc","binary",0.571268224604246,5,0.00705589048469702,"Preprocessor1_Model01","Logistic regression(Tuned)",1e-05,0,NA,NA,NA
"47","sens","binary",0.998283566003062,5,0.000795431131231011,"Preprocessor1_Model01","Logistic regression(Tuned)",1e-05,0,NA,NA,NA
"48","spec","binary",0.00974887305068226,5,0.00394650412807891,"Preprocessor1_Model01","Logistic regression(Tuned)",1e-05,0,NA,NA,NA
"49","accuracy","binary",0.715782253511148,5,0.000698055919451217,"Preprocessor1_Model02","Logistic regression(Tuned)",1e-04,0,NA,NA,NA
"50","f_meas","binary",0.833811863881751,5,0.000294506894107327,"Preprocessor1_Model02","Logistic regression(Tuned)",1e-04,0,NA,NA,NA
"51","kap","binary",0.0113620794976243,5,0.00459502256549998,"Preprocessor1_Model02","Logistic regression(Tuned)",1e-04,0,NA,NA,NA
"52","roc_auc","binary",0.571268224604246,5,0.00705589048469702,"Preprocessor1_Model02","Logistic regression(Tuned)",1e-04,0,NA,NA,NA
"53","sens","binary",0.998283566003062,5,0.000795431131231011,"Preprocessor1_Model02","Logistic regression(Tuned)",1e-04,0,NA,NA,NA
"54","spec","binary",0.00974887305068226,5,0.00394650412807891,"Preprocessor1_Model02","Logistic regression(Tuned)",1e-04,0,NA,NA,NA
"55","accuracy","binary",0.715782253511148,5,0.000698055919451217,"Preprocessor1_Model03","Logistic regression(Tuned)",0.001,0,NA,NA,NA
"56","f_meas","binary",0.833811863881751,5,0.000294506894107327,"Preprocessor1_Model03","Logistic regression(Tuned)",0.001,0,NA,NA,NA
"57","kap","binary",0.0113620794976243,5,0.00459502256549998,"Preprocessor1_Model03","Logistic regression(Tuned)",0.001,0,NA,NA,NA
"58","roc_auc","binary",0.571268224604246,5,0.00705589048469702,"Preprocessor1_Model03","Logistic regression(Tuned)",0.001,0,NA,NA,NA
"59","sens","binary",0.998283566003062,5,0.000795431131231011,"Preprocessor1_Model03","Logistic regression(Tuned)",0.001,0,NA,NA,NA
"60","spec","binary",0.00974887305068226,5,0.00394650412807891,"Preprocessor1_Model03","Logistic regression(Tuned)",0.001,0,NA,NA,NA
"61","accuracy","binary",0.715670832898335,5,0.000766487473709342,"Preprocessor1_Model04","Logistic regression(Tuned)",0.01,0,NA,NA,NA
"62","f_meas","binary",0.833757663351221,5,0.000331646405331152,"Preprocessor1_Model04","Logistic regression(Tuned)",0.01,0,NA,NA,NA
"63","kap","binary",0.0108071400085604,5,0.00486323313746515,"Preprocessor1_Model04","Logistic regression(Tuned)",0.01,0,NA,NA,NA
"64","roc_auc","binary",0.571264879203803,5,0.00705627726168217,"Preprocessor1_Model04","Logistic regression(Tuned)",0.01,0,NA,NA,NA
"65","sens","binary",0.998283566003062,5,0.000795431131231011,"Preprocessor1_Model04","Logistic regression(Tuned)",0.01,0,NA,NA,NA
"66","spec","binary",0.00935900950292398,5,0.0041069801078838,"Preprocessor1_Model04","Logistic regression(Tuned)",0.01,0,NA,NA,NA
"67","accuracy","binary",0.715447929496066,5,0.000727907385679065,"Preprocessor1_Model05","Logistic regression(Tuned)",0.1,0,NA,NA,NA
"68","f_meas","binary",0.833843736846955,5,0.000348819510604929,"Preprocessor1_Model05","Logistic regression(Tuned)",0.1,0,NA,NA,NA
"69","kap","binary",0.00675929376132685,5,0.00376510352495492,"Preprocessor1_Model05","Logistic regression(Tuned)",0.1,0,NA,NA,NA
"70","roc_auc","binary",0.570591276851756,5,0.00688679694692666,"Preprocessor1_Model05","Logistic regression(Tuned)",0.1,0,NA,NA,NA
"71","sens","binary",0.999687987519501,5,0.00019106784265079,"Preprocessor1_Model05","Logistic regression(Tuned)",0.1,0,NA,NA,NA
"72","spec","binary",0.00506898757309941,5,0.00272882737409002,"Preprocessor1_Model05","Logistic regression(Tuned)",0.1,0,NA,NA,NA
"73","accuracy","binary",0.714222054256381,5,6.37182921368869e-05,"Preprocessor1_Model06","Logistic regression(Tuned)",1,0,NA,NA,NA
"74","f_meas","binary",0.833290001090183,5,4.33652839748822e-05,"Preprocessor1_Model06","Logistic regression(Tuned)",1,0,NA,NA,NA
"75","kap","binary",0,5,0,"Preprocessor1_Model06","Logistic regression(Tuned)",1,0,NA,NA,NA
"76","roc_auc","binary",0.570075306570938,5,0.00668201599746812,"Preprocessor1_Model06","Logistic regression(Tuned)",1,0,NA,NA,NA
"77","sens","binary",1,5,0,"Preprocessor1_Model06","Logistic regression(Tuned)",1,0,NA,NA,NA
"78","spec","binary",0,5,0,"Preprocessor1_Model06","Logistic regression(Tuned)",1,0,NA,NA,NA
"79","accuracy","binary",0.714222054256381,5,6.37182921368869e-05,"Preprocessor1_Model07","Logistic regression(Tuned)",10,0,NA,NA,NA
"80","f_meas","binary",0.833290001090183,5,4.33652839748822e-05,"Preprocessor1_Model07","Logistic regression(Tuned)",10,0,NA,NA,NA
"81","kap","binary",0,5,0,"Preprocessor1_Model07","Logistic regression(Tuned)",10,0,NA,NA,NA
"82","roc_auc","binary",0.570018148608044,5,0.00666260269528684,"Preprocessor1_Model07","Logistic regression(Tuned)",10,0,NA,NA,NA
"83","sens","binary",1,5,0,"Preprocessor1_Model07","Logistic regression(Tuned)",10,0,NA,NA,NA
"84","spec","binary",0,5,0,"Preprocessor1_Model07","Logistic regression(Tuned)",10,0,NA,NA,NA
"85","accuracy","binary",0.715447867388701,5,0.000690393325051163,"Preprocessor1_Model08","Logistic regression(Tuned)",1e-05,0.25,NA,NA,NA
"86","f_meas","binary",0.833648794426348,5,0.000300132896862652,"Preprocessor1_Model08","Logistic regression(Tuned)",1e-05,0.25,NA,NA,NA
"87","kap","binary",0.00970772929927888,5,0.00448733026032195,"Preprocessor1_Model08","Logistic regression(Tuned)",1e-05,0.25,NA,NA,NA
"88","roc_auc","binary",0.57129014365988,5,0.00719306759271025,"Preprocessor1_Model08","Logistic regression(Tuned)",1e-05,0.25,NA,NA,NA
"89","sens","binary",0.998283566003062,5,0.000795431131231011,"Preprocessor1_Model08","Logistic regression(Tuned)",1e-05,0.25,NA,NA,NA
"90","spec","binary",0.00857852095516569,5,0.0038293368885604,"Preprocessor1_Model08","Logistic regression(Tuned)",1e-05,0.25,NA,NA,NA
"91","accuracy","binary",0.715447867388701,5,0.000690393325051163,"Preprocessor1_Model09","Logistic regression(Tuned)",1e-04,0.25,NA,NA,NA
"92","f_meas","binary",0.833648794426348,5,0.000300132896862652,"Preprocessor1_Model09","Logistic regression(Tuned)",1e-04,0.25,NA,NA,NA
"93","kap","binary",0.00970772929927888,5,0.00448733026032195,"Preprocessor1_Model09","Logistic regression(Tuned)",1e-04,0.25,NA,NA,NA
"94","roc_auc","binary",0.57129014365988,5,0.00719306759271025,"Preprocessor1_Model09","Logistic regression(Tuned)",1e-04,0.25,NA,NA,NA
"95","sens","binary",0.998283566003062,5,0.000795431131231011,"Preprocessor1_Model09","Logistic regression(Tuned)",1e-04,0.25,NA,NA,NA
"96","spec","binary",0.00857852095516569,5,0.0038293368885604,"Preprocessor1_Model09","Logistic regression(Tuned)",1e-04,0.25,NA,NA,NA
"97","accuracy","binary",0.715447867388701,5,0.000690393325051163,"Preprocessor1_Model10","Logistic regression(Tuned)",0.001,0.25,NA,NA,NA
"98","f_meas","binary",0.833648794426348,5,0.000300132896862652,"Preprocessor1_Model10","Logistic regression(Tuned)",0.001,0.25,NA,NA,NA
"99","kap","binary",0.00970772929927888,5,0.00448733026032195,"Preprocessor1_Model10","Logistic regression(Tuned)",0.001,0.25,NA,NA,NA
"100","roc_auc","binary",0.57129014365988,5,0.00719306759271025,"Preprocessor1_Model10","Logistic regression(Tuned)",0.001,0.25,NA,NA,NA
"101","sens","binary",0.998283566003062,5,0.000795431131231011,"Preprocessor1_Model10","Logistic regression(Tuned)",0.001,0.25,NA,NA,NA
"102","spec","binary",0.00857852095516569,5,0.0038293368885604,"Preprocessor1_Model10","Logistic regression(Tuned)",0.001,0.25,NA,NA,NA
"103","accuracy","binary",0.715559350108879,5,0.000731543126200367,"Preprocessor1_Model11","Logistic regression(Tuned)",0.01,0.25,NA,NA,NA
"104","f_meas","binary",0.833768431731587,5,0.000289267469134014,"Preprocessor1_Model11","Logistic regression(Tuned)",0.01,0.25,NA,NA,NA
"105","kap","binary",0.00926779983938633,5,0.00483067474125428,"Preprocessor1_Model11","Logistic regression(Tuned)",0.01,0.25,NA,NA,NA
"106","roc_auc","binary",0.570959862432992,5,0.00732998601355218,"Preprocessor1_Model11","Logistic regression(Tuned)",0.01,0.25,NA,NA,NA
"107","sens","binary",0.998751706508541,5,0.000679973541877108,"Preprocessor1_Model11","Logistic regression(Tuned)",0.01,0.25,NA,NA,NA
"108","spec","binary",0.00779879385964912,5,0.00404182436229133,"Preprocessor1_Model11","Logistic regression(Tuned)",0.01,0.25,NA,NA,NA
"109","accuracy","binary",0.714222054256381,5,6.37182921368869e-05,"Preprocessor1_Model12","Logistic regression(Tuned)",0.1,0.25,NA,NA,NA
"110","f_meas","binary",0.833290001090183,5,4.33652839748822e-05,"Preprocessor1_Model12","Logistic regression(Tuned)",0.1,0.25,NA,NA,NA
"111","kap","binary",0,5,0,"Preprocessor1_Model12","Logistic regression(Tuned)",0.1,0.25,NA,NA,NA
"112","roc_auc","binary",0.564163674358483,5,0.00856567260122374,"Preprocessor1_Model12","Logistic regression(Tuned)",0.1,0.25,NA,NA,NA
"113","sens","binary",1,5,0,"Preprocessor1_Model12","Logistic regression(Tuned)",0.1,0.25,NA,NA,NA
"114","spec","binary",0,5,0,"Preprocessor1_Model12","Logistic regression(Tuned)",0.1,0.25,NA,NA,NA
"115","accuracy","binary",0.714222054256381,5,6.37182921368869e-05,"Preprocessor1_Model13","Logistic regression(Tuned)",1,0.25,NA,NA,NA
"116","f_meas","binary",0.833290001090183,5,4.33652839748822e-05,"Preprocessor1_Model13","Logistic regression(Tuned)",1,0.25,NA,NA,NA
"117","kap","binary",0,5,0,"Preprocessor1_Model13","Logistic regression(Tuned)",1,0.25,NA,NA,NA
"118","roc_auc","binary",0.5,5,0,"Preprocessor1_Model13","Logistic regression(Tuned)",1,0.25,NA,NA,NA
"119","sens","binary",1,5,0,"Preprocessor1_Model13","Logistic regression(Tuned)",1,0.25,NA,NA,NA
"120","spec","binary",0,5,0,"Preprocessor1_Model13","Logistic regression(Tuned)",1,0.25,NA,NA,NA
"121","accuracy","binary",0.714222054256381,5,6.37182921368869e-05,"Preprocessor1_Model14","Logistic regression(Tuned)",10,0.25,NA,NA,NA
"122","f_meas","binary",0.833290001090183,5,4.33652839748822e-05,"Preprocessor1_Model14","Logistic regression(Tuned)",10,0.25,NA,NA,NA
"123","kap","binary",0,5,0,"Preprocessor1_Model14","Logistic regression(Tuned)",10,0.25,NA,NA,NA
"124","roc_auc","binary",0.5,5,0,"Preprocessor1_Model14","Logistic regression(Tuned)",10,0.25,NA,NA,NA
"125","sens","binary",1,5,0,"Preprocessor1_Model14","Logistic regression(Tuned)",10,0.25,NA,NA,NA
"126","spec","binary",0,5,0,"Preprocessor1_Model14","Logistic regression(Tuned)",10,0.25,NA,NA,NA
"127","accuracy","binary",0.715559350108879,5,0.000664865549034689,"Preprocessor1_Model15","Logistic regression(Tuned)",1e-05,0.5,NA,NA,NA
"128","f_meas","binary",0.833724781091558,5,0.000282388180903058,"Preprocessor1_Model15","Logistic regression(Tuned)",1e-05,0.5,NA,NA,NA
"129","kap","binary",0.00993096704705012,5,0.00444779361638373,"Preprocessor1_Model15","Logistic regression(Tuned)",1e-05,0.5,NA,NA,NA
"130","roc_auc","binary",0.571263290507856,5,0.00722510369915231,"Preprocessor1_Model15","Logistic regression(Tuned)",1e-05,0.5,NA,NA,NA
"131","sens","binary",0.998439694028042,5,0.000818045578662882,"Preprocessor1_Model15","Logistic regression(Tuned)",1e-05,0.5,NA,NA,NA
"132","spec","binary",0.00857852095516569,5,0.0038293368885604,"Preprocessor1_Model15","Logistic regression(Tuned)",1e-05,0.5,NA,NA,NA
"133","accuracy","binary",0.715559350108879,5,0.000664865549034689,"Preprocessor1_Model16","Logistic regression(Tuned)",1e-04,0.5,NA,NA,NA
"134","f_meas","binary",0.833724781091558,5,0.000282388180903058,"Preprocessor1_Model16","Logistic regression(Tuned)",1e-04,0.5,NA,NA,NA
"135","kap","binary",0.00993096704705012,5,0.00444779361638373,"Preprocessor1_Model16","Logistic regression(Tuned)",1e-04,0.5,NA,NA,NA
"136","roc_auc","binary",0.571263290507856,5,0.00722510369915231,"Preprocessor1_Model16","Logistic regression(Tuned)",1e-04,0.5,NA,NA,NA
"137","sens","binary",0.998439694028042,5,0.000818045578662882,"Preprocessor1_Model16","Logistic regression(Tuned)",1e-04,0.5,NA,NA,NA
"138","spec","binary",0.00857852095516569,5,0.0038293368885604,"Preprocessor1_Model16","Logistic regression(Tuned)",1e-04,0.5,NA,NA,NA
"139","accuracy","binary",0.715559350108879,5,0.000664865549034689,"Preprocessor1_Model17","Logistic regression(Tuned)",0.001,0.5,NA,NA,NA
"140","f_meas","binary",0.833724781091558,5,0.000282388180903058,"Preprocessor1_Model17","Logistic regression(Tuned)",0.001,0.5,NA,NA,NA
"141","kap","binary",0.00993096704705012,5,0.00444779361638373,"Preprocessor1_Model17","Logistic regression(Tuned)",0.001,0.5,NA,NA,NA
"142","roc_auc","binary",0.571263290507856,5,0.00722510369915231,"Preprocessor1_Model17","Logistic regression(Tuned)",0.001,0.5,NA,NA,NA
"143","sens","binary",0.998439694028042,5,0.000818045578662882,"Preprocessor1_Model17","Logistic regression(Tuned)",0.001,0.5,NA,NA,NA
"144","spec","binary",0.00857852095516569,5,0.0038293368885604,"Preprocessor1_Model17","Logistic regression(Tuned)",0.001,0.5,NA,NA,NA
"145","accuracy","binary",0.715782253441871,5,0.000927202119865209,"Preprocessor1_Model18","Logistic regression(Tuned)",0.01,0.5,NA,NA,NA
"146","f_meas","binary",0.833985501121648,5,0.000424343463594589,"Preprocessor1_Model18","Logistic regression(Tuned)",0.01,0.5,NA,NA,NA
"147","kap","binary",0.00873212532582364,5,0.00508634309554049,"Preprocessor1_Model18","Logistic regression(Tuned)",0.01,0.5,NA,NA,NA
"148","roc_auc","binary",0.570389508347301,5,0.00751265492801417,"Preprocessor1_Model18","Logistic regression(Tuned)",0.01,0.5,NA,NA,NA
"149","sens","binary",0.999531981279251,5,0.000312012480499213,"Preprocessor1_Model18","Logistic regression(Tuned)",0.01,0.5,NA,NA,NA
"150","spec","binary",0.00662844176413255,5,0.00382956922401141,"Preprocessor1_Model18","Logistic regression(Tuned)",0.01,0.5,NA,NA,NA
"151","accuracy","binary",0.714222054256381,5,6.37182921368869e-05,"Preprocessor1_Model19","Logistic regression(Tuned)",0.1,0.5,NA,NA,NA
"152","f_meas","binary",0.833290001090183,5,4.33652839748822e-05,"Preprocessor1_Model19","Logistic regression(Tuned)",0.1,0.5,NA,NA,NA
"153","kap","binary",0,5,0,"Preprocessor1_Model19","Logistic regression(Tuned)",0.1,0.5,NA,NA,NA
"154","roc_auc","binary",0.5,5,0,"Preprocessor1_Model19","Logistic regression(Tuned)",0.1,0.5,NA,NA,NA
"155","sens","binary",1,5,0,"Preprocessor1_Model19","Logistic regression(Tuned)",0.1,0.5,NA,NA,NA
"156","spec","binary",0,5,0,"Preprocessor1_Model19","Logistic regression(Tuned)",0.1,0.5,NA,NA,NA
"157","accuracy","binary",0.714222054256381,5,6.37182921368869e-05,"Preprocessor1_Model20","Logistic regression(Tuned)",1,0.5,NA,NA,NA
"158","f_meas","binary",0.833290001090183,5,4.33652839748822e-05,"Preprocessor1_Model20","Logistic regression(Tuned)",1,0.5,NA,NA,NA
"159","kap","binary",0,5,0,"Preprocessor1_Model20","Logistic regression(Tuned)",1,0.5,NA,NA,NA
"160","roc_auc","binary",0.5,5,0,"Preprocessor1_Model20","Logistic regression(Tuned)",1,0.5,NA,NA,NA
"161","sens","binary",1,5,0,"Preprocessor1_Model20","Logistic regression(Tuned)",1,0.5,NA,NA,NA
"162","spec","binary",0,5,0,"Preprocessor1_Model20","Logistic regression(Tuned)",1,0.5,NA,NA,NA
"163","accuracy","binary",0.714222054256381,5,6.37182921368869e-05,"Preprocessor1_Model21","Logistic regression(Tuned)",10,0.5,NA,NA,NA
"164","f_meas","binary",0.833290001090183,5,4.33652839748822e-05,"Preprocessor1_Model21","Logistic regression(Tuned)",10,0.5,NA,NA,NA
"165","kap","binary",0,5,0,"Preprocessor1_Model21","Logistic regression(Tuned)",10,0.5,NA,NA,NA
"166","roc_auc","binary",0.5,5,0,"Preprocessor1_Model21","Logistic regression(Tuned)",10,0.5,NA,NA,NA
"167","sens","binary",1,5,0,"Preprocessor1_Model21","Logistic regression(Tuned)",10,0.5,NA,NA,NA
"168","spec","binary",0,5,0,"Preprocessor1_Model21","Logistic regression(Tuned)",10,0.5,NA,NA,NA
"169","accuracy","binary",0.715559350108879,5,0.000664865549034689,"Preprocessor1_Model22","Logistic regression(Tuned)",1e-05,0.75,NA,NA,NA
"170","f_meas","binary",0.833724781091558,5,0.000282388180903058,"Preprocessor1_Model22","Logistic regression(Tuned)",1e-05,0.75,NA,NA,NA
"171","kap","binary",0.00993096704705012,5,0.00444779361638373,"Preprocessor1_Model22","Logistic regression(Tuned)",1e-05,0.75,NA,NA,NA
"172","roc_auc","binary",0.571272700672537,5,0.00723661701701997,"Preprocessor1_Model22","Logistic regression(Tuned)",1e-05,0.75,NA,NA,NA
"173","sens","binary",0.998439694028042,5,0.000818045578662882,"Preprocessor1_Model22","Logistic regression(Tuned)",1e-05,0.75,NA,NA,NA
"174","spec","binary",0.00857852095516569,5,0.0038293368885604,"Preprocessor1_Model22","Logistic regression(Tuned)",1e-05,0.75,NA,NA,NA
"175","accuracy","binary",0.715559350108879,5,0.000664865549034689,"Preprocessor1_Model23","Logistic regression(Tuned)",1e-04,0.75,NA,NA,NA
"176","f_meas","binary",0.833724781091558,5,0.000282388180903058,"Preprocessor1_Model23","Logistic regression(Tuned)",1e-04,0.75,NA,NA,NA
"177","kap","binary",0.00993096704705012,5,0.00444779361638373,"Preprocessor1_Model23","Logistic regression(Tuned)",1e-04,0.75,NA,NA,NA
"178","roc_auc","binary",0.571272700672537,5,0.00723661701701997,"Preprocessor1_Model23","Logistic regression(Tuned)",1e-04,0.75,NA,NA,NA
"179","sens","binary",0.998439694028042,5,0.000818045578662882,"Preprocessor1_Model23","Logistic regression(Tuned)",1e-04,0.75,NA,NA,NA
"180","spec","binary",0.00857852095516569,5,0.0038293368885604,"Preprocessor1_Model23","Logistic regression(Tuned)",1e-04,0.75,NA,NA,NA
"181","accuracy","binary",0.715559350108879,5,0.000664865549034689,"Preprocessor1_Model24","Logistic regression(Tuned)",0.001,0.75,NA,NA,NA
"182","f_meas","binary",0.833724781091558,5,0.000282388180903058,"Preprocessor1_Model24","Logistic regression(Tuned)",0.001,0.75,NA,NA,NA
"183","kap","binary",0.00993096704705012,5,0.00444779361638373,"Preprocessor1_Model24","Logistic regression(Tuned)",0.001,0.75,NA,NA,NA
"184","roc_auc","binary",0.571272700672537,5,0.00723661701701997,"Preprocessor1_Model24","Logistic regression(Tuned)",0.001,0.75,NA,NA,NA
"185","sens","binary",0.998439694028042,5,0.000818045578662882,"Preprocessor1_Model24","Logistic regression(Tuned)",0.001,0.75,NA,NA,NA
"186","spec","binary",0.00857852095516569,5,0.0038293368885604,"Preprocessor1_Model24","Logistic regression(Tuned)",0.001,0.75,NA,NA,NA
"187","accuracy","binary",0.715447805212058,5,0.000856633129341214,"Preprocessor1_Model25","Logistic regression(Tuned)",0.01,0.75,NA,NA,NA
"188","f_meas","binary",0.833843949251553,5,0.000407480774711349,"Preprocessor1_Model25","Logistic regression(Tuned)",0.01,0.75,NA,NA,NA
"189","kap","binary",0.00675039551077086,5,0.00446732802767054,"Preprocessor1_Model25","Logistic regression(Tuned)",0.01,0.75,NA,NA,NA
"190","roc_auc","binary",0.56988195888509,5,0.0075976030391561,"Preprocessor1_Model25","Logistic regression(Tuned)",0.01,0.75,NA,NA,NA
"191","sens","binary",0.999687987519501,5,0.00019106784265079,"Preprocessor1_Model25","Logistic regression(Tuned)",0.01,0.75,NA,NA,NA
"192","spec","binary",0.0050682261208577,5,0.00323844984909087,"Preprocessor1_Model25","Logistic regression(Tuned)",0.01,0.75,NA,NA,NA
"193","accuracy","binary",0.714222054256381,5,6.37182921368869e-05,"Preprocessor1_Model26","Logistic regression(Tuned)",0.1,0.75,NA,NA,NA
"194","f_meas","binary",0.833290001090183,5,4.33652839748822e-05,"Preprocessor1_Model26","Logistic regression(Tuned)",0.1,0.75,NA,NA,NA
"195","kap","binary",0,5,0,"Preprocessor1_Model26","Logistic regression(Tuned)",0.1,0.75,NA,NA,NA
"196","roc_auc","binary",0.5,5,0,"Preprocessor1_Model26","Logistic regression(Tuned)",0.1,0.75,NA,NA,NA
"197","sens","binary",1,5,0,"Preprocessor1_Model26","Logistic regression(Tuned)",0.1,0.75,NA,NA,NA
"198","spec","binary",0,5,0,"Preprocessor1_Model26","Logistic regression(Tuned)",0.1,0.75,NA,NA,NA
"199","accuracy","binary",0.714222054256381,5,6.37182921368869e-05,"Preprocessor1_Model27","Logistic regression(Tuned)",1,0.75,NA,NA,NA
"200","f_meas","binary",0.833290001090183,5,4.33652839748822e-05,"Preprocessor1_Model27","Logistic regression(Tuned)",1,0.75,NA,NA,NA
"201","kap","binary",0,5,0,"Preprocessor1_Model27","Logistic regression(Tuned)",1,0.75,NA,NA,NA
"202","roc_auc","binary",0.5,5,0,"Preprocessor1_Model27","Logistic regression(Tuned)",1,0.75,NA,NA,NA
"203","sens","binary",1,5,0,"Preprocessor1_Model27","Logistic regression(Tuned)",1,0.75,NA,NA,NA
"204","spec","binary",0,5,0,"Preprocessor1_Model27","Logistic regression(Tuned)",1,0.75,NA,NA,NA
"205","accuracy","binary",0.714222054256381,5,6.37182921368869e-05,"Preprocessor1_Model28","Logistic regression(Tuned)",10,0.75,NA,NA,NA
"206","f_meas","binary",0.833290001090183,5,4.33652839748822e-05,"Preprocessor1_Model28","Logistic regression(Tuned)",10,0.75,NA,NA,NA
"207","kap","binary",0,5,0,"Preprocessor1_Model28","Logistic regression(Tuned)",10,0.75,NA,NA,NA
"208","roc_auc","binary",0.5,5,0,"Preprocessor1_Model28","Logistic regression(Tuned)",10,0.75,NA,NA,NA
"209","sens","binary",1,5,0,"Preprocessor1_Model28","Logistic regression(Tuned)",10,0.75,NA,NA,NA
"210","spec","binary",0,5,0,"Preprocessor1_Model28","Logistic regression(Tuned)",10,0.75,NA,NA,NA
"211","accuracy","binary",0.715559350108879,5,0.000664865549034689,"Preprocessor1_Model29","Logistic regression(Tuned)",1e-05,1,NA,NA,NA
"212","f_meas","binary",0.833724781091558,5,0.000282388180903058,"Preprocessor1_Model29","Logistic regression(Tuned)",1e-05,1,NA,NA,NA
"213","kap","binary",0.00993096704705012,5,0.00444779361638373,"Preprocessor1_Model29","Logistic regression(Tuned)",1e-05,1,NA,NA,NA
"214","roc_auc","binary",0.571259325248653,5,0.00723535182653377,"Preprocessor1_Model29","Logistic regression(Tuned)",1e-05,1,NA,NA,NA
"215","sens","binary",0.998439694028042,5,0.000818045578662882,"Preprocessor1_Model29","Logistic regression(Tuned)",1e-05,1,NA,NA,NA
"216","spec","binary",0.00857852095516569,5,0.0038293368885604,"Preprocessor1_Model29","Logistic regression(Tuned)",1e-05,1,NA,NA,NA
"217","accuracy","binary",0.715559350108879,5,0.000664865549034689,"Preprocessor1_Model30","Logistic regression(Tuned)",1e-04,1,NA,NA,NA
"218","f_meas","binary",0.833724781091558,5,0.000282388180903058,"Preprocessor1_Model30","Logistic regression(Tuned)",1e-04,1,NA,NA,NA
"219","kap","binary",0.00993096704705012,5,0.00444779361638373,"Preprocessor1_Model30","Logistic regression(Tuned)",1e-04,1,NA,NA,NA
"220","roc_auc","binary",0.571259325248653,5,0.00723535182653377,"Preprocessor1_Model30","Logistic regression(Tuned)",1e-04,1,NA,NA,NA
"221","sens","binary",0.998439694028042,5,0.000818045578662882,"Preprocessor1_Model30","Logistic regression(Tuned)",1e-04,1,NA,NA,NA
"222","spec","binary",0.00857852095516569,5,0.0038293368885604,"Preprocessor1_Model30","Logistic regression(Tuned)",1e-04,1,NA,NA,NA
"223","accuracy","binary",0.715559350108879,5,0.000664865549034689,"Preprocessor1_Model31","Logistic regression(Tuned)",0.001,1,NA,NA,NA
"224","f_meas","binary",0.833724781091558,5,0.000282388180903058,"Preprocessor1_Model31","Logistic regression(Tuned)",0.001,1,NA,NA,NA
"225","kap","binary",0.00993096704705012,5,0.00444779361638373,"Preprocessor1_Model31","Logistic regression(Tuned)",0.001,1,NA,NA,NA
"226","roc_auc","binary",0.571259325248653,5,0.00723535182653377,"Preprocessor1_Model31","Logistic regression(Tuned)",0.001,1,NA,NA,NA
"227","sens","binary",0.998439694028042,5,0.000818045578662882,"Preprocessor1_Model31","Logistic regression(Tuned)",0.001,1,NA,NA,NA
"228","spec","binary",0.00857852095516569,5,0.0038293368885604,"Preprocessor1_Model31","Logistic regression(Tuned)",0.001,1,NA,NA,NA
"229","accuracy","binary",0.714779219427813,5,0.000229817644658614,"Preprocessor1_Model32","Logistic regression(Tuned)",0.01,1,NA,NA,NA
"230","f_meas","binary",0.833539365929849,5,9.90686325943325e-05,"Preprocessor1_Model32","Logistic regression(Tuned)",0.01,1,NA,NA,NA
"231","kap","binary",0.00311120815716726,5,0.00145436218638221,"Preprocessor1_Model32","Logistic regression(Tuned)",0.01,1,NA,NA,NA
"232","roc_auc","binary",0.569122120501563,5,0.0078598653529693,"Preprocessor1_Model32","Logistic regression(Tuned)",0.01,1,NA,NA,NA
"233","sens","binary",0.99984399375975,5,0.000156006240249607,"Preprocessor1_Model32","Logistic regression(Tuned)",0.01,1,NA,NA,NA
"234","spec","binary",0.00233918128654971,5,0.00113663779626614,"Preprocessor1_Model32","Logistic regression(Tuned)",0.01,1,NA,NA,NA
"235","accuracy","binary",0.714222054256381,5,6.37182921368869e-05,"Preprocessor1_Model33","Logistic regression(Tuned)",0.1,1,NA,NA,NA
"236","f_meas","binary",0.833290001090183,5,4.33652839748822e-05,"Preprocessor1_Model33","Logistic regression(Tuned)",0.1,1,NA,NA,NA
"237","kap","binary",0,5,0,"Preprocessor1_Model33","Logistic regression(Tuned)",0.1,1,NA,NA,NA
"238","roc_auc","binary",0.5,5,0,"Preprocessor1_Model33","Logistic regression(Tuned)",0.1,1,NA,NA,NA
"239","sens","binary",1,5,0,"Preprocessor1_Model33","Logistic regression(Tuned)",0.1,1,NA,NA,NA
"240","spec","binary",0,5,0,"Preprocessor1_Model33","Logistic regression(Tuned)",0.1,1,NA,NA,NA
"241","accuracy","binary",0.714222054256381,5,6.37182921368869e-05,"Preprocessor1_Model34","Logistic regression(Tuned)",1,1,NA,NA,NA
"242","f_meas","binary",0.833290001090183,5,4.33652839748822e-05,"Preprocessor1_Model34","Logistic regression(Tuned)",1,1,NA,NA,NA
"243","kap","binary",0,5,0,"Preprocessor1_Model34","Logistic regression(Tuned)",1,1,NA,NA,NA
"244","roc_auc","binary",0.5,5,0,"Preprocessor1_Model34","Logistic regression(Tuned)",1,1,NA,NA,NA
"245","sens","binary",1,5,0,"Preprocessor1_Model34","Logistic regression(Tuned)",1,1,NA,NA,NA
"246","spec","binary",0,5,0,"Preprocessor1_Model34","Logistic regression(Tuned)",1,1,NA,NA,NA
"247","accuracy","binary",0.714222054256381,5,6.37182921368869e-05,"Preprocessor1_Model35","Logistic regression(Tuned)",10,1,NA,NA,NA
"248","f_meas","binary",0.833290001090183,5,4.33652839748822e-05,"Preprocessor1_Model35","Logistic regression(Tuned)",10,1,NA,NA,NA
"249","kap","binary",0,5,0,"Preprocessor1_Model35","Logistic regression(Tuned)",10,1,NA,NA,NA
"250","roc_auc","binary",0.5,5,0,"Preprocessor1_Model35","Logistic regression(Tuned)",10,1,NA,NA,NA
"251","sens","binary",1,5,0,"Preprocessor1_Model35","Logistic regression(Tuned)",10,1,NA,NA,NA
"252","spec","binary",0,5,0,"Preprocessor1_Model35","Logistic regression(Tuned)",10,1,NA,NA,NA
"253","accuracy","binary",0.706963788300836,1,NA,"Preprocessor1_Model01","Random Forest(Tuned)",NA,NA,1,639,12
"254","f_meas","binary",0.824900133155792,1,NA,"Preprocessor1_Model01","Random Forest(Tuned)",NA,NA,1,639,12
"255","kap","binary",0.0335751689915372,1,NA,"Preprocessor1_Model01","Random Forest(Tuned)",NA,NA,1,639,12
"256","roc_auc","binary",0.615318413906147,1,NA,"Preprocessor1_Model01","Random Forest(Tuned)",NA,NA,1,639,12
"257","sens","binary",0.966458658346334,1,NA,"Preprocessor1_Model01","Random Forest(Tuned)",NA,NA,1,639,12
"258","spec","binary",0.0584795321637427,1,NA,"Preprocessor1_Model01","Random Forest(Tuned)",NA,NA,1,639,12
"259","accuracy","binary",0.706963788300836,1,NA,"Preprocessor1_Model02","Random Forest(Tuned)",NA,NA,2,375,14
"260","f_meas","binary",0.823608316566063,1,NA,"Preprocessor1_Model02","Random Forest(Tuned)",NA,NA,2,375,14
"261","kap","binary",0.0500256567628209,1,NA,"Preprocessor1_Model02","Random Forest(Tuned)",NA,NA,2,375,14
"262","roc_auc","binary",0.615973761757488,1,NA,"Preprocessor1_Model02","Random Forest(Tuned)",NA,NA,2,375,14
"263","sens","binary",0.957878315132605,1,NA,"Preprocessor1_Model02","Random Forest(Tuned)",NA,NA,2,375,14
"264","spec","binary",0.0799220272904483,1,NA,"Preprocessor1_Model02","Random Forest(Tuned)",NA,NA,2,375,14
"265","accuracy","binary",0.706963788300836,1,NA,"Preprocessor1_Model03","Random Forest(Tuned)",NA,NA,3,1289,32
"266","f_meas","binary",0.824549699799867,1,NA,"Preprocessor1_Model03","Random Forest(Tuned)",NA,NA,3,1289,32
"267","kap","binary",0.0381179030670773,1,NA,"Preprocessor1_Model03","Random Forest(Tuned)",NA,NA,3,1289,32
"268","roc_auc","binary",0.622182080265667,1,NA,"Preprocessor1_Model03","Random Forest(Tuned)",NA,NA,3,1289,32
"269","sens","binary",0.96411856474259,1,NA,"Preprocessor1_Model03","Random Forest(Tuned)",NA,NA,3,1289,32
"270","spec","binary",0.064327485380117,1,NA,"Preprocessor1_Model03","Random Forest(Tuned)",NA,NA,3,1289,32
"271","accuracy","binary",0.708635097493036,1,NA,"Preprocessor1_Model04","Random Forest(Tuned)",NA,NA,3,1261,28
"272","f_meas","binary",0.825375626043406,1,NA,"Preprocessor1_Model04","Random Forest(Tuned)",NA,NA,3,1261,28
"273","kap","binary",0.0458464487500165,1,NA,"Preprocessor1_Model04","Random Forest(Tuned)",NA,NA,3,1261,28
"274","roc_auc","binary",0.620982383154975,1,NA,"Preprocessor1_Model04","Random Forest(Tuned)",NA,NA,3,1261,28
"275","sens","binary",0.96411856474259,1,NA,"Preprocessor1_Model04","Random Forest(Tuned)",NA,NA,3,1261,28
"276","spec","binary",0.0701754385964912,1,NA,"Preprocessor1_Model04","Random Forest(Tuned)",NA,NA,3,1261,28
"277","accuracy","binary",0.708635097493036,1,NA,"Preprocessor1_Model05","Random Forest(Tuned)",NA,NA,2,885,38
"278","f_meas","binary",0.826648989061982,1,NA,"Preprocessor1_Model05","Random Forest(Tuned)",NA,NA,2,885,38
"279","kap","binary",0.0291527702370796,1,NA,"Preprocessor1_Model05","Random Forest(Tuned)",NA,NA,2,885,38
"280","roc_auc","binary",0.62472744523816,1,NA,"Preprocessor1_Model05","Random Forest(Tuned)",NA,NA,2,885,38
"281","sens","binary",0.972698907956318,1,NA,"Preprocessor1_Model05","Random Forest(Tuned)",NA,NA,2,885,38
"282","spec","binary",0.0487329434697856,1,NA,"Preprocessor1_Model05","Random Forest(Tuned)",NA,NA,2,885,38
"283","accuracy","binary",0.698050139275766,1,NA,"Preprocessor1_Model06","Random Forest(Tuned)",NA,NA,5,719,10
"284","f_meas","binary",0.815520762423417,1,NA,"Preprocessor1_Model06","Random Forest(Tuned)",NA,NA,5,719,10
"285","kap","binary",0.0533566339666408,1,NA,"Preprocessor1_Model06","Random Forest(Tuned)",NA,NA,5,719,10
"286","roc_auc","binary",0.608269243050424,1,NA,"Preprocessor1_Model06","Random Forest(Tuned)",NA,NA,5,719,10
"287","sens","binary",0.934477379095164,1,NA,"Preprocessor1_Model06","Random Forest(Tuned)",NA,NA,5,719,10
"288","spec","binary",0.107212475633528,1,NA,"Preprocessor1_Model06","Random Forest(Tuned)",NA,NA,5,719,10
"289","accuracy","binary",0.706963788300836,1,NA,"Preprocessor1_Model07","Random Forest(Tuned)",NA,NA,4,1024,35
"290","f_meas","binary",0.824432576769025,1,NA,"Preprocessor1_Model07","Random Forest(Tuned)",NA,NA,4,1024,35
"291","kap","binary",0.0396226722163227,1,NA,"Preprocessor1_Model07","Random Forest(Tuned)",NA,NA,4,1024,35
"292","roc_auc","binary",0.620021409043496,1,NA,"Preprocessor1_Model07","Random Forest(Tuned)",NA,NA,4,1024,35
"293","sens","binary",0.963338533541342,1,NA,"Preprocessor1_Model07","Random Forest(Tuned)",NA,NA,4,1024,35
"294","spec","binary",0.0662768031189084,1,NA,"Preprocessor1_Model07","Random Forest(Tuned)",NA,NA,4,1024,35
"295","accuracy","binary",0.705292479108635,1,NA,"Preprocessor1_Model08","Random Forest(Tuned)",NA,NA,3,1590,25
"296","f_meas","binary",0.823017731682837,1,NA,"Preprocessor1_Model08","Random Forest(Tuned)",NA,NA,3,1590,25
"297","kap","binary",0.0394048802891633,1,NA,"Preprocessor1_Model08","Random Forest(Tuned)",NA,NA,3,1590,25
"298","roc_auc","binary",0.621242393555391,1,NA,"Preprocessor1_Model08","Random Forest(Tuned)",NA,NA,3,1590,25
"299","sens","binary",0.959438377535101,1,NA,"Preprocessor1_Model08","Random Forest(Tuned)",NA,NA,3,1590,25
"300","spec","binary",0.0701754385964912,1,NA,"Preprocessor1_Model08","Random Forest(Tuned)",NA,NA,3,1590,25
"301","accuracy","binary",0.708077994428969,1,NA,"Preprocessor1_Model09","Random Forest(Tuned)",NA,NA,1,453,30
"302","f_meas","binary",0.826948480845442,1,NA,"Preprocessor1_Model09","Random Forest(Tuned)",NA,NA,1,453,30
"303","kap","binary",0.0187122593676057,1,NA,"Preprocessor1_Model09","Random Forest(Tuned)",NA,NA,1,453,30
"304","roc_auc","binary",0.61925202154285,1,NA,"Preprocessor1_Model09","Random Forest(Tuned)",NA,NA,1,453,30
"305","sens","binary",0.976599063962558,1,NA,"Preprocessor1_Model09","Random Forest(Tuned)",NA,NA,1,453,30
"306","spec","binary",0.037037037037037,1,NA,"Preprocessor1_Model09","Random Forest(Tuned)",NA,NA,1,453,30
"307","accuracy","binary",0.705849582172702,1,NA,"Preprocessor1_Model10","Random Forest(Tuned)",NA,NA,2,1468,14
"308","f_meas","binary",0.822461331540014,1,NA,"Preprocessor1_Model10","Random Forest(Tuned)",NA,NA,2,1468,14
"309","kap","binary",0.0522798042482215,1,NA,"Preprocessor1_Model10","Random Forest(Tuned)",NA,NA,2,1468,14
"310","roc_auc","binary",0.618128350865029,1,NA,"Preprocessor1_Model10","Random Forest(Tuned)",NA,NA,2,1468,14
"311","sens","binary",0.953978159126365,1,NA,"Preprocessor1_Model10","Random Forest(Tuned)",NA,NA,2,1468,14
"312","spec","binary",0.0857699805068226,1,NA,"Preprocessor1_Model10","Random Forest(Tuned)",NA,NA,2,1468,14
"313","accuracy","binary",0.706963788300836,1,NA,"Preprocessor1_Model11","Random Forest(Tuned)",NA,NA,3,216,22
"314","f_meas","binary",0.823371390194762,1,NA,"Preprocessor1_Model11","Random Forest(Tuned)",NA,NA,3,216,22
"315","kap","binary",0.0529566705384135,1,NA,"Preprocessor1_Model11","Random Forest(Tuned)",NA,NA,3,216,22
"316","roc_auc","binary",0.620836412403865,1,NA,"Preprocessor1_Model11","Random Forest(Tuned)",NA,NA,3,216,22
"317","sens","binary",0.956318252730109,1,NA,"Preprocessor1_Model11","Random Forest(Tuned)",NA,NA,3,216,22
"318","spec","binary",0.0838206627680312,1,NA,"Preprocessor1_Model11","Random Forest(Tuned)",NA,NA,3,216,22
"319","accuracy","binary",0.702506963788301,1,NA,"Preprocessor1_Model12","Random Forest(Tuned)",NA,NA,4,1429,17
"320","f_meas","binary",0.82020202020202,1,NA,"Preprocessor1_Model12","Random Forest(Tuned)",NA,NA,4,1429,17
"321","kap","binary",0.0444494067497544,1,NA,"Preprocessor1_Model12","Random Forest(Tuned)",NA,NA,4,1429,17
"322","roc_auc","binary",0.615589068007165,1,NA,"Preprocessor1_Model12","Random Forest(Tuned)",NA,NA,4,1429,17
"323","sens","binary",0.950078003120125,1,NA,"Preprocessor1_Model12","Random Forest(Tuned)",NA,NA,4,1429,17
"324","spec","binary",0.0838206627680312,1,NA,"Preprocessor1_Model12","Random Forest(Tuned)",NA,NA,4,1429,17
"325","accuracy","binary",0.701392757660167,1,NA,"Preprocessor1_Model13","Random Forest(Tuned)",NA,NA,2,270,17
"326","f_meas","binary",0.81989247311828,1,NA,"Preprocessor1_Model13","Random Forest(Tuned)",NA,NA,2,270,17
"327","kap","binary",0.036438512013973,1,NA,"Preprocessor1_Model13","Random Forest(Tuned)",NA,NA,2,270,17
"328","roc_auc","binary",0.620251008870764,1,NA,"Preprocessor1_Model13","Random Forest(Tuned)",NA,NA,2,270,17
"329","sens","binary",0.951638065522621,1,NA,"Preprocessor1_Model13","Random Forest(Tuned)",NA,NA,2,270,17
"330","spec","binary",0.0760233918128655,1,NA,"Preprocessor1_Model13","Random Forest(Tuned)",NA,NA,2,270,17
"331","accuracy","binary",0.706406685236769,1,NA,"Preprocessor1_Model14","Random Forest(Tuned)",NA,NA,3,483,36
"332","f_meas","binary",0.824274758252751,1,NA,"Preprocessor1_Model14","Random Forest(Tuned)",NA,NA,3,483,36
"333","kap","binary",0.03553364185164,1,NA,"Preprocessor1_Model14","Random Forest(Tuned)",NA,NA,3,483,36
"334","roc_auc","binary",0.621593635675251,1,NA,"Preprocessor1_Model14","Random Forest(Tuned)",NA,NA,3,483,36
"335","sens","binary",0.96411856474259,1,NA,"Preprocessor1_Model14","Random Forest(Tuned)",NA,NA,3,483,36
"336","spec","binary",0.0623781676413255,1,NA,"Preprocessor1_Model14","Random Forest(Tuned)",NA,NA,3,483,36
"337","accuracy","binary",0.689136490250696,1,NA,"Preprocessor1_Model15","Random Forest(Tuned)",NA,NA,4,1867,3
"338","f_meas","binary",0.80968622100955,1,NA,"Preprocessor1_Model15","Random Forest(Tuned)",NA,NA,4,1867,3
"339","kap","binary",0.0297673247186004,1,NA,"Preprocessor1_Model15","Random Forest(Tuned)",NA,NA,4,1867,3
"340","roc_auc","binary",0.610103760875581,1,NA,"Preprocessor1_Model15","Random Forest(Tuned)",NA,NA,4,1867,3
"341","sens","binary",0.925897035881435,1,NA,"Preprocessor1_Model15","Random Forest(Tuned)",NA,NA,4,1867,3
"342","spec","binary",0.0974658869395711,1,NA,"Preprocessor1_Model15","Random Forest(Tuned)",NA,NA,4,1867,3
"343","accuracy","binary",0.696935933147632,1,NA,"Preprocessor1_Model16","Random Forest(Tuned)",NA,NA,2,1179,7
"344","f_meas","binary",0.816340310600945,1,NA,"Preprocessor1_Model16","Random Forest(Tuned)",NA,NA,2,1179,7
"345","kap","binary",0.0324888285592557,1,NA,"Preprocessor1_Model16","Random Forest(Tuned)",NA,NA,2,1179,7
"346","roc_auc","binary",0.610861744411297,1,NA,"Preprocessor1_Model16","Random Forest(Tuned)",NA,NA,2,1179,7
"347","sens","binary",0.943057722308892,1,NA,"Preprocessor1_Model16","Random Forest(Tuned)",NA,NA,2,1179,7
"348","spec","binary",0.0818713450292398,1,NA,"Preprocessor1_Model16","Random Forest(Tuned)",NA,NA,2,1179,7
"349","accuracy","binary",0.707520891364902,1,NA,"Preprocessor1_Model17","Random Forest(Tuned)",NA,NA,5,1923,40
"350","f_meas","binary",0.824824824824825,1,NA,"Preprocessor1_Model17","Random Forest(Tuned)",NA,NA,5,1923,40
"351","kap","binary",0.0406981182973569,1,NA,"Preprocessor1_Model17","Random Forest(Tuned)",NA,NA,5,1923,40
"352","roc_auc","binary",0.623203875523442,1,NA,"Preprocessor1_Model17","Random Forest(Tuned)",NA,NA,5,1923,40
"353","sens","binary",0.96411856474259,1,NA,"Preprocessor1_Model17","Random Forest(Tuned)",NA,NA,5,1923,40
"354","spec","binary",0.0662768031189084,1,NA,"Preprocessor1_Model17","Random Forest(Tuned)",NA,NA,5,1923,40
"355","accuracy","binary",0.692479108635098,1,NA,"Preprocessor1_Model18","Random Forest(Tuned)",NA,NA,4,1687,6
"356","f_meas","binary",0.81211708645337,1,NA,"Preprocessor1_Model18","Random Forest(Tuned)",NA,NA,4,1687,6
"357","kap","binary",0.0358908892058778,1,NA,"Preprocessor1_Model18","Random Forest(Tuned)",NA,NA,4,1687,6
"358","roc_auc","binary",0.613088558630065,1,NA,"Preprocessor1_Model18","Random Forest(Tuned)",NA,NA,4,1687,6
"359","sens","binary",0.930577223088924,1,NA,"Preprocessor1_Model18","Random Forest(Tuned)",NA,NA,4,1687,6
"360","spec","binary",0.0974658869395711,1,NA,"Preprocessor1_Model18","Random Forest(Tuned)",NA,NA,4,1687,6
"361","accuracy","binary",0.705292479108635,1,NA,"Preprocessor1_Model19","Random Forest(Tuned)",NA,NA,3,1084,29
"362","f_meas","binary",0.823372287145242,1,NA,"Preprocessor1_Model19","Random Forest(Tuned)",NA,NA,3,1084,29
"363","kap","binary",0.0349001364985827,1,NA,"Preprocessor1_Model19","Random Forest(Tuned)",NA,NA,3,1084,29
"364","roc_auc","binary",0.621368597433956,1,NA,"Preprocessor1_Model19","Random Forest(Tuned)",NA,NA,3,1084,29
"365","sens","binary",0.961778471138846,1,NA,"Preprocessor1_Model19","Random Forest(Tuned)",NA,NA,3,1084,29
"366","spec","binary",0.064327485380117,1,NA,"Preprocessor1_Model19","Random Forest(Tuned)",NA,NA,3,1084,29
"367","accuracy","binary",0.694707520891365,1,NA,"Preprocessor1_Model20","Random Forest(Tuned)",NA,NA,5,1819,8
"368","f_meas","binary",0.813096862210095,1,NA,"Preprocessor1_Model20","Random Forest(Tuned)",NA,NA,5,1819,8
"369","kap","binary",0.0471550070713137,1,NA,"Preprocessor1_Model20","Random Forest(Tuned)",NA,NA,5,1819,8
"370","roc_auc","binary",0.610334120967178,1,NA,"Preprocessor1_Model20","Random Forest(Tuned)",NA,NA,5,1819,8
"371","sens","binary",0.929797191887676,1,NA,"Preprocessor1_Model20","Random Forest(Tuned)",NA,NA,5,1819,8
"372","spec","binary",0.107212475633528,1,NA,"Preprocessor1_Model20","Random Forest(Tuned)",NA,NA,5,1819,8
"373","accuracy","binary",0.706406685236769,1,NA,"Preprocessor1_Model21","Random Forest(Tuned)",NA,NA,1,75,33
"374","f_meas","binary",0.825438887048692,1,NA,"Preprocessor1_Model21","Random Forest(Tuned)",NA,NA,1,75,33
"375","kap","binary",0.0201691047680997,1,NA,"Preprocessor1_Model21","Random Forest(Tuned)",NA,NA,1,75,33
"376","roc_auc","binary",0.618808027174888,1,NA,"Preprocessor1_Model21","Random Forest(Tuned)",NA,NA,1,75,33
"377","sens","binary",0.97191887675507,1,NA,"Preprocessor1_Model21","Random Forest(Tuned)",NA,NA,1,75,33
"378","spec","binary",0.0428849902534113,1,NA,"Preprocessor1_Model21","Random Forest(Tuned)",NA,NA,1,75,33
"379","accuracy","binary",0.704735376044568,1,NA,"Preprocessor1_Model22","Random Forest(Tuned)",NA,NA,2,795,19
"380","f_meas","binary",0.822860962566845,1,NA,"Preprocessor1_Model22","Random Forest(Tuned)",NA,NA,2,795,19
"381","kap","binary",0.0353376597039139,1,NA,"Preprocessor1_Model22","Random Forest(Tuned)",NA,NA,2,795,19
"382","roc_auc","binary",0.619659523223034,1,NA,"Preprocessor1_Model22","Random Forest(Tuned)",NA,NA,2,795,19
"383","sens","binary",0.960218408736349,1,NA,"Preprocessor1_Model22","Random Forest(Tuned)",NA,NA,2,795,19
"384","spec","binary",0.0662768031189084,1,NA,"Preprocessor1_Model22","Random Forest(Tuned)",NA,NA,2,795,19
"385","accuracy","binary",0.69025069637883,1,NA,"Preprocessor1_Model23","Random Forest(Tuned)",NA,NA,4,115,4
"386","f_meas","binary",0.809196980096088,1,NA,"Preprocessor1_Model23","Random Forest(Tuned)",NA,NA,4,115,4
"387","kap","binary",0.0460359669732417,1,NA,"Preprocessor1_Model23","Random Forest(Tuned)",NA,NA,4,115,4
"388","roc_auc","binary",0.608269243050424,1,NA,"Preprocessor1_Model23","Random Forest(Tuned)",NA,NA,4,115,4
"389","sens","binary",0.919656786271451,1,NA,"Preprocessor1_Model23","Random Forest(Tuned)",NA,NA,4,115,4
"390","spec","binary",0.116959064327485,1,NA,"Preprocessor1_Model23","Random Forest(Tuned)",NA,NA,4,115,4
"391","accuracy","binary",0.705849582172702,1,NA,"Preprocessor1_Model24","Random Forest(Tuned)",NA,NA,4,1648,23
"392","f_meas","binary",0.822699798522498,1,NA,"Preprocessor1_Model24","Random Forest(Tuned)",NA,NA,4,1648,23
"393","kap","binary",0.0493557453313351,1,NA,"Preprocessor1_Model24","Random Forest(Tuned)",NA,NA,4,1648,23
"394","roc_auc","binary",0.618595153162852,1,NA,"Preprocessor1_Model24","Random Forest(Tuned)",NA,NA,4,1648,23
"395","sens","binary",0.955538221528861,1,NA,"Preprocessor1_Model24","Random Forest(Tuned)",NA,NA,4,1648,23
"396","spec","binary",0.0818713450292398,1,NA,"Preprocessor1_Model24","Random Forest(Tuned)",NA,NA,4,1648,23
"397","accuracy","binary",0.7008356545961,1,NA,"Preprocessor1_Model25","Random Forest(Tuned)",NA,NA,3,878,21
"398","f_meas","binary",0.819738167170191,1,NA,"Preprocessor1_Model25","Random Forest(Tuned)",NA,NA,3,878,21
"399","kap","binary",0.0324052371167549,1,NA,"Preprocessor1_Model25","Random Forest(Tuned)",NA,NA,3,878,21
"400","roc_auc","binary",0.618354909634982,1,NA,"Preprocessor1_Model25","Random Forest(Tuned)",NA,NA,3,878,21
"401","sens","binary",0.952418096723869,1,NA,"Preprocessor1_Model25","Random Forest(Tuned)",NA,NA,3,878,21
"402","spec","binary",0.0721247563352826,1,NA,"Preprocessor1_Model25","Random Forest(Tuned)",NA,NA,3,878,21
"403","accuracy","binary",0.707314660066465,5,0.00364280650633247,"Preprocessor1_Model1","XGBoost",NA,NA,NA,NA,NA
"404","f_meas","binary",0.825263254264135,5,0.00252728733287835,"Preprocessor1_Model1","XGBoost",NA,NA,NA,NA,NA
"405","kap","binary",0.032435721098741,5,0.00957446697709781,"Preprocessor1_Model1","XGBoost",NA,NA,NA,NA,NA
"406","roc_auc","binary",0.598439138393554,5,0.00933025078772975,"Preprocessor1_Model1","XGBoost",NA,NA,NA,NA,NA
"407","sens","binary",0.967855529209459,5,0.00535252518193839,"Preprocessor1_Model1","XGBoost",NA,NA,NA,NA,NA
"408","spec","binary",0.0561692860623782,5,0.0069491199573008,"Preprocessor1_Model1","XGBoost",NA,NA,NA,NA,NA
